{
  "$schema": "https://turborepo.org/schema.json",
  "globalDependencies": ["**/.env"],
  "pipeline": {
    "topo": {
      "dependsOn": ["^topo"]
    },
    "build": {
      "dependsOn": ["^build"],
      "outputs": [".next/**", "!.next/cache/**", "next-env.d.ts"]
    },
    "dev": {
      "persistent": true,
      "cache": false
    },
    "format": {
      "outputs": ["node_modules/.cache/.prettiercache"],
      "outputMode": "new-only"
    },
    "lint": {
      "dependsOn": ["^topo"],
      "outputs": ["node_modules/.cache/.eslintcache"]
    },
    "typecheck": {
      "dependsOn": ["^topo"],
      "outputs": ["node_modules/.cache/tsbuildinfo.json"]
    },
    "clean": {
      "cache": false
    }
  }
}
